순위,채널명,태그,주간_신규구독자,전체구독자
1,HYBE LABELS,"#빅히트, #BIGHIT","1,100,000명(1.9%)
                ","
                59,100,000
              "
2,BANGTANTV,"#BTS, #방탄소년단","700,000명(1.3%)
                ","
                53,700,000
              "
3,김종국 GYM JONG KOOK,"#김종국, #짐종국","350,000명(20%)
                ","
                1,750,000
              "
4,Wanyo mori,,"214,000명(55.7%)
                ","
                384,000
              "
5,BLACKPINK,"#K, #BLACKPINK","200,000명(0.3%)
                ","
                62,900,000
              "
6,나는 빡빡이다,"#스토리, #유튜브","135,000명(23.8%)
                ","
                567,000
              "
7,Hongyu ASMR 홍유,"#먹방, #asmr","110,000명(1.2%)
                ","
                9,350,000
              "
8,TWICE,"#TWICE, #트와이스","100,000명(0.9%)
                ","
                11,200,000
              "
9,Jane ASMR 제인,"#asmr, #먹방","100,000명(0.7%)
                ","
                13,800,000
              "
10,officialpsy,"#psy, #싸이","100,000명(0.7%)
                ","
                15,000,000
              "
11,KBS WORLD TV,"#KBSWorld, #KBS","100,000명(0.6%)
                ","
                16,500,000
              "
12,JYP Entertainment,"#JYP, #jypentertainment","100,000명(0.5%)
                ","
                21,300,000
              "
13,1theK (원더케이),"#1theK, #원더케이","100,000명(0.4%)
                ","
                23,100,000
              "
14,SMTOWN,"#SuperJunior, #슈퍼주니어","100,000명(0.4%)
                ","
                28,200,000
              "
15,ENHYPEN,"#BELIFTLAB, #ENHYPEN","90,000명(3%)
                ","
                3,000,000
              "
16,쏘영 Ssoyoung,"#ASMR, #Ssoyoung","80,000명(1.3%)
                ","
                6,060,000
              "
17,문복희 Eat with Boki,"#먹방, #mukbang","80,000명(1.3%)
                ","
                6,190,000
              "
18,혀니콤보 TV,"#이현, #LeeHyun","71,000명(24.6%)
                ","
                289,000
              "
19,tzuyang쯔양,"#大食い, #real","70,000명(1.9%)
                ","
                3,720,000
              "
20,야미보이 Yummyboy,"#길거리음식, #Korean","70,000명(1.5%)
                ","
                4,540,000
              "
21,फिल्मकॉन इंडिया,,"70,000명(1.5%)
                ","
                4,610,000
              "
22,TOMORROW X TOGETHER OFFICIAL,"#TXT, #투모로우바이투게더","70,000명(1%)
                ","
                7,080,000
              "
23,[햄지]Hamzy,"#여자먹방, #먹방","70,000명(1%)
                ","
                7,140,000
              "
24,네이버 NOW.,"#나우, #네이버나우","61,000명(31.4%)
                ","
                194,000
              "
25,SIO ASMR,"#MUKBANG, #ASMR","60,000명(1.5%)
                ","
                4,040,000
              "
26,Travel Thirsty,"#seafood, #beef","60,000명(0.9%)
                ","
                6,750,000
              "
27,이연복주머니,"#이연복, #중식","57,300명(62.1%)
                ","
                92,200
              "
28,6습,"#Minecraft, #Noteblock","57,000명(25.6%)
                ","
                223,000
              "
29,김우진 KIM WOOJIN,"#KIMWOOJIN, #WOOJIN","57,000명(17%)
                ","
                336,000
              "
30,Serena Art,"#Acrylic, #painting","50,000명(1.6%)
                ","
                3,200,000
              "
31,GONGSAM TABLE 이공삼,"#203, #이공삼","50,000명(0.8%)
                ","
                6,180,000
              "
32,열린공감TV,"#열린공감, #열린민주당","46,000명(13.2%)
                ","
                349,000
              "
33,Chihun ASMR 치훈,"#먹방, #MUKBANG","40,000명(3%)
                ","
                1,350,000
              "
34,계향쓰 GH'S,"#GH, #계향쓰","40,000명(2.9%)
                ","
                1,360,000
              "
35,NCT DREAM,"#엔시티드림, #JISUNG","40,000명(1.1%)
                ","
                3,690,000
              "
36,영국남자 Korean Englishman,"#Korean, #영국남자","40,000명(1%)
                ","
                3,950,000
              "
37,skyTV 스카이티브이,"#skyTV, #스카이티비","39,000명(19.5%)
                ","
                200,000
              "
38,북올림,"#독서, #자기계발","36,000명(10.5%)
                ","
                343,000
              "
39,피기보이 PiggyBoy,"#한국, #길거리","36,000명(5.6%)
                ","
                643,000
              "
40,팩토리,"#팩토리, #스토리","35,000명(50.4%)
                ","
                69,500
              "
41,바라던 바다,"#바라던바다, #김고은","34,400명(34.1%)
                ","
                101,000
              "
42,Vito ASMR,"#Vito, #asmr","34,000명(4.3%)
                ","
                791,000
              "
43,천뚱TV,"#천뚱, #먹방","31,000명(4.6%)
                ","
                668,000
              "
44,푸디보이 FoodieBoy,"#푸디보이, #food","30,000명(1.8%)
                ","
                1,670,000
              "
45,헨리 Henry Lau,"#henry, #刘宪华","30,000명(1.6%)
                ","
                1,860,000
              "
46,ZOEY ASMR 조이,"#먹방, #ASMR","30,000명(1.5%)
                ","
                1,950,000
              "
47,aespa,"#aespa, #에스파","30,000명(1.4%)
                ","
                2,170,000
              "
48,매일맛나 delicious day,"#간단요리, #매일맛나","30,000명(1.3%)
                ","
                2,230,000
              "
49,STUDIO CHOOM [스튜디오 춤],"#M2, #커버","30,000명(1.2%)
                ","
                2,530,000
              "
50,LsCraft,"#Minecraft, #SCP","30,000명(1.1%)
                ","
                2,610,000
              "
51,odg,,"30,000명(1.1%)
                ","
                2,690,000
              "
52,Like Nastya KOR,"#Nastya, #어린이를위한","30,000명(1%)
                ","
                2,860,000
              "
53,jenny slime,"#slimevideo, #asmr","30,000명(0.9%)
                ","
                3,250,000
              "
54,drawholic,"#drawing, #드로잉","30,000명(0.9%)
                ","
                3,300,000
              "
55,NCT,"#NCT, #엔시티","30,000명(0.8%)
                ","
                3,940,000
              "
56,TREASURE (트레저),"#TREASURE, #트레저","30,000명(0.7%)
                ","
                4,150,000
              "
57,[장난감티비]TOYTV,"#교육, #toy","30,000명(0.6%)
                ","
                5,340,000
              "
58,M2,"#M2, #엠투","30,000명(0.4%)
                ","
                7,390,000
              "
59,단편short,,"29,300명(42.3%)
                ","
                69,200
              "
60,Ace Art 에이스 아트,"#animation, #에이스아트","28,000명(7.4%)
                ","
                380,000
              "
61,롤롤라임[lollolraim],"#라임이, #롤롤라임","28,000명(5%)
                ","
                565,000
              "
62,촛불잔치,"#윤석열, #조국의시간","27,200명(67.8%)
                ","
                40,100
              "
63,스튜디오 와플 - STUDIO WAFFLE,"#코미디빅리그, #코빅","27,000명(18.1%)
                ","
                149,000
              "
64,고누리,"#만화, #애니메이션","27,000명(9%)
                ","
                299,000
              "
65,스마일밤 Smile Bam,"#ASMR, #stop","26,000명(3.4%)
                ","
                775,000
              "
66,어스TV,"#fnf, #프라이데이나이트펌킨","25,000명(12.3%)
                ","
                204,000
              "
67,성공비밀 : 대한민국 NO.1 멘토링 채널,"#동기부여, #성공비밀","24,000명(13.5%)
                ","
                178,000
              "
68,钢铁西游-官方频道,"#钢铁西游, #vfx","24,000명(10%)
                ","
                241,000
              "
69,스타골프빅리그,"#스타골프빅리그, #골프","23,700명(27.1%)
                ","
                87,500
              "
70,애국방송 짤방,"#동영상, #Shorts","23,680명(89.7%)
                ","
                26,400
              "
71,Hello Jadoo Việt Nam,"#HTV3, #HTV","23,000명(14.6%)
                ","
                157,000
              "
72,Nebom 사계절의 네봄,"#일상, #자취생","23,000명(3.8%)
                ","
                599,000
              "
73,도시어부 Grrr,"#도시어부, #낚시","22,000명(10.3%)
                ","
                214,000
              "
74,Jihanette,,"22,000명(8.2%)
                ","
                267,000
              "
75,지켜츄 Chuu Can Do It,"#이달의소녀, #chuu","21,000명(3.7%)
                ","
                564,000
              "
76,엄마의손맛,"#한식, #집밥","21,000명(3.1%)
                ","
                684,000
              "
77,Mimine Miniature 미미네 미니어처,"#miniature, #미니어쳐","21,000명(2.6%)
                ","
                808,000
              "
78,약사가 들려주는 약 이야기,"#영양제, #마그네슘","21,000명(2.2%)
                ","
                947,000
              "
79,서울 부부의 귀촌일기,"#힐링, #귀촌일기","20,500명(25.7%)
                ","
                79,800
              "
80,송하랑,"#송하랑, #여자목소리","20,401명(28.9%)
                ","
                70,600
              "
81,정영진 장항준의 편의점 클라쓰e,"#ebs, #강연","20,000명(41.7%)
                ","
                48,000
              "
82,한국투자증권 뱅키스,"#한국투자증권, #뱅키스","20,000명(16.3%)
                ","
                123,000
              "
83,VROK 브이록,"#VROK, #VR","20,000명(11.2%)
                ","
                178,000
              "
84,엠뚜루마뚜루 : MBC 공식 종합 채널,"#엠뚜루마뚜루, #MBC","20,000명(3.9%)
                ","
                516,000
              "
85,이 남자의 cook,"#생활, #꿀팁","20,000명(2%)
                ","
                1,020,000
              "
86,침착맨,"#침착맨, #침투부","20,000명(1.9%)
                ","
                1,040,000
              "
87,그것이 알고싶다 공식계정,"#그알, #다시보기","20,000명(1.8%)
                ","
                1,110,000
              "
88,KBS WORLD Indonesian,"#KBS, #K","20,000명(1.6%)
                ","
                1,240,000
              "
89,신세경 sjkuksee,"#댕댕이, #강아지","20,000명(1.6%)
                ","
                1,270,000
              "
90,혜리,"#혜리, #hyeri","20,000명(1.5%)
                ","
                1,330,000
              "
91,사물궁이 잡학지식,"#궁금증, #호기심","20,000명(1.5%)
                ","
                1,340,000
              "
92,피식대학Psick Univ,"#B대면데이트, #최준","20,000명(1.5%)
                ","
                1,360,000
              "
93,핑키팝토이,"#핑키팝토이, #PinkyPopTOY","20,000명(1.5%)
                ","
                1,360,000
              "
94,[THE SOY]루퐁이네,"#포메곰돌이컷, #폼피츠","20,000명(1.5%)
                ","
                1,370,000
              "
95,MBCNEWS,"#mbc, #news","20,000명(1.4%)
                ","
                1,430,000
              "
96,FNCEnt,"#NFlying, #SF9","20,000명(1.4%)
                ","
                1,440,000
              "
97,seohyun toys [서현토이즈],"#서현토이즈, #상황극","20,000명(1.4%)
                ","
                1,460,000
              "
98,문명특급 - MMTG,"#문명특급, #재재","20,000명(1.4%)
                ","
                1,470,000
              "
99,봉길이 Bonggil,"#asmr, #먹방","20,000명(1.3%)
                ","
                1,510,000
              "
100,SBS 뉴스,"#SBSNEWS, #sbs","20,000명(1.3%)
                ","
                1,570,000
              "
101,콬TV,"#웹드라마, #웹드","20,000명(1.3%)
                ","
                1,590,000
              "
102,loonatheworld,"#이달의소녀, #LOONA","20,000명(1.3%)
                ","
                1,600,000
              "
103,EVERGLOW,"#EVERGLOW, #에버글로우","20,000명(1.3%)
                ","
                1,600,000
              "
104,아는형님 Knowingbros,"#knowingbros, #형님","20,000명(1.1%)
                ","
                1,760,000
              "
105,Merry Craft,"#handembroideryforbeginners, #sewinghacks","20,000명(1.1%)
                ","
                1,820,000
              "
106,보이즈 플레이타임 [Boys Playtime],"#dinosaurs, #jurassic","20,000명(1%)
                ","
                2,030,000
              "
107,미지우 MEJIWOO,"#미지우, #mejiwoo","20,000명(0.9%)
                ","
                2,150,000
              "
108,지현꿍,"#대학생브이로그, #지현꿍","20,000명(0.9%)
                ","
                2,290,000
              "
109,JTBC Voyage,"#KDRAMA, #KPOP","20,000명(0.8%)
                ","
                2,600,000
              "
110,미니팡TV,"#미니특공대, #동요","20,000명(0.8%)
                ","
                2,630,000
              "
111,보경 Bokyoung,"#MUKBANG, #먹방","20,000명(0.8%)
                ","
                2,640,000
              "
112,tvN D ENT,"#tvN, #D","20,000명(0.7%)
                ","
                2,840,000
              "
113,Daud Kim,"#muslim, #islam","20,000명(0.7%)
                ","
                2,850,000
              "
114,(G)I-DLE (여자)아이들 (Official YouTube Channel),"#kpop, #gidle","20,000명(0.6%)
                ","
                3,170,000
              "
115,딩고 뮤직 / dingo music,"#KPOP, #음악","20,000명(0.6%)
                ","
                3,170,000
              "
116,솔라시도 solarsido,"#솔라시도Solarsido, #솔라시도","20,000명(0.6%)
                ","
                3,170,000
              "
117,NCT 127,"#NCT127, #NCT","20,000명(0.6%)
                ","
                3,480,000
              "
118,CoCosToy 꼬꼬스토이,"#공룡, #dinosaur","20,000명(0.6%)
                ","
                3,570,000
              "
119,JTBC Drama,"#K, #드라마","20,000명(0.5%)
                ","
                4,050,000
              "
120,로미유 스토리[Romiyu Story],"#장난감, #일상","20,000명(0.5%)
                ","
                4,050,000
              "
121,SBS TV동물농장x애니멀봐 공식 유튜브 채널입니다!,"#애니멀봐, #동물농장","20,000명(0.5%)
                ","
                4,060,000
              "
122,With Kids Playground [위드키즈 놀이터],"#키즈, #kids","20,000명(0.5%)
                ","
                4,080,000
              "
123,ASTRO 아스트로,"#ASTRO, #아스트로","20,000명(0.5%)
                ","
                4,310,000
              "
124,TOY GUMA,"#인형, #doll","20,000명(0.4%)
                ","
                4,500,000
              "
125,백종원의 요리비책 Paik's Cuisine,"#백종원, #한식","20,000명(0.4%)
                ","
                5,060,000
              "
126,미니특공대TV,"#미니특공대, #볼트","20,000명(0.4%)
                ","
                5,270,000
              "
127,SBS Drama,"#SBS, #kdrama","20,000명(0.4%)
                ","
                5,350,000
              "
128,MAMAMOO,"#마마무, #MAMAMOO","20,000명(0.3%)
                ","
                5,930,000
              "
129,이지금 [IU Official],"#아이유, #IU","20,000명(0.3%)
                ","
                6,460,000
              "
130,Jennierubyjane Official,"#blackpink, #jennie","20,000명(0.3%)
                ","
                6,590,000
              "
131,SEVENTEEN,"#에스쿱스, #정한","20,000명(0.3%)
                ","
                6,680,000
              "
132,EXO,"#엑소, #exo","20,000명(0.2%)
                ","
                8,130,000
              "
133,Toymong tv 토이몽TV,"#토이몽, #뽀로로","20,000명(0.2%)
                ","
                9,180,000
              "
134,서은이야기[SeoeunStory],"#서은이야기, #Seoeun","20,000명(0.2%)
                ","
                9,330,000
              "
135,Stone Music Entertainment,"#CJ, #E","20,000명(0.2%)
                ","
                9,910,000
              "
136,김준표,"#이야기, #마술","19,000명(10.6%)
                ","
                179,000
              "
137,Zhee72,#Zhee72,"19,000명(8.9%)
                ","
                214,000
              "
138,건나물TV,"#건강상식, #건강","19,000명(5.2%)
                ","
                363,000
              "
139,복지마블TV [Welfare Marble],"#복지정보, #복지혜택","19,000명(3.8%)
                ","
                503,000
              "
140,쿠킹하루 Cooking Haru,"#간단요리, #HowToBasic","19,000명(2%)
                ","
                953,000
              "
141,디글 :Diggle,"#diggle, #tvN","19,000명(1.9%)
                ","
                1,000,000
              "
142,휘용 Hwiyong,"#휘용, #마인크래프트","18,000명(9.9%)
                ","
                182,000
              "
143,GOYUMYUM고얌얌,"#먹방asmr, #MUKBANG","18,000명(9.6%)
                ","
                187,000
              "
144,집밥 korean home cooking,"#반찬, #한식","18,000명(7.2%)
                ","
                249,000
              "
145,매탈남,"#매탈남, #길고양이","18,000명(5.2%)
                ","
                349,000
              "
146,이연LEEYEON,"#이연, #그림","18,000명(3.1%)
                ","
                572,000
              "
147,히밥heebab,"#히밥, #도전먹방","18,000명(2%)
                ","
                908,000
              "
148,Playart플레이아트,"#Playart, #플레이아트","17,000명(9.5%)
                ","
                179,000
              "
149,ArtSoccer,"#soccer, #호날두","17,000명(8%)
                ","
                213,000
              "
150,DDongman,"#Minecraft, #Animation","17,000명(7.3%)
                ","
                234,000
              "
151,Devil Bona,,"17,000명(7.2%)
                ","
                237,000
              "
152,Conversational Korean,"#Korean, #lessons","17,000명(4%)
                ","
                427,000
              "
153,이지은 다이어트 Jiny diet,"#이지은다이어트, #홈트레이닝","17,000명(2.4%)
                ","
                694,000
              "
154,하하 PD HAHA PD,"#하하, #런닝맨","17,000명(2.3%)
                ","
                742,000
              "
155,서담SEODAM,"#CookingASMR, #homebaking","17,000명(2.1%)
                ","
                804,000
              "
156,에익쿠,,"16,800명(44.7%)
                ","
                37,600
              "
157,쿡언니네 cookunnyne,"#쿡언니네, #아내의식탁","16,500명(25.8%)
                ","
                63,900
              "
158,Pinay Mom in South Korea,"#pinaymom, #koreankids","16,100명(17.2%)
                ","
                93,800
              "
159,YTN 돌았저 - 돌발영상/ 알고리줌/ 뉴있저,"#뉴스, #YTN","16,000명(8.6%)
                ","
                186,000
              "
160,지편한세상 [Jeeseokjin World],"#런닝맨, #지편한세상","16,000명(3.9%)
                ","
                413,000
              "
161,도넘스_DONUMS,"#원피스, #롤","16,000명(3.6%)
                ","
                446,000
              "
162,달리 [SBS 교양 공식채널],"#꼬꼬무, #sbs스페셜","16,000명(3.4%)
                ","
                470,000
              "
163,자세요정 JSYJ,"#체형교정운동, #골반교정운동","16,000명(3.1%)
                ","
                511,000
              "
164,나징NAJING,"#Cafe, #카페","16,000명(2.5%)
                ","
                632,000
              "
165,황태와 양미리(빽사이코러스),"#사이코러스, #황태와양미리","15,900명(42.2%)
                ","
                37,700
              "
166,OMEGA X,"#omegax, #kpop","15,700명(14.8%)
                ","
                106,000
              "
167,김영환TV,"#김영환, #김영환TV","15,600명(58.6%)
                ","
                26,600
              "
168,장사의 신,"#자영업, #자영업자","15,300명(20.2%)
                ","
                75,700
              "
169,레베기의 이상한 아뜰리에 LEBEGI,"#가죽공예, #DIY","15,000명(8.1%)
                ","
                185,000
              "
170,문월 유튜브,"#문월, #아프리카TV","15,000명(7.3%)
                ","
                206,000
              "
171,한밤 HANBAM,"#K, #아이돌","15,000명(6.7%)
                ","
                224,000
              "
172,썬비키 ssunbiki,"#홈트, #비키니","15,000명(6.5%)
                ","
                231,000
              "
173,땡깡DanceKang,"#독학, #shorts","15,000명(4.9%)
                ","
                309,000
              "
174,요리용디 Yori Yongd,"#요리용디, #용디","15,000명(4.6%)
                ","
                324,000
              "
175,려욱이의 아지트,"#려욱, #슈퍼주니어","15,000명(4.4%)
                ","
                338,000
              "
176,리틀엔젤 인기동요 어린이노래 - Little Angel,"#동요, #리틀엔젤","15,000명(4.1%)
                ","
                370,000
              "
177,스토리,"#스토리, #유튜브","15,000명(2.4%)
                ","
                623,000
              "
178,함께해요 맛나요리,"#맛나요리, #함께해요","15,000명(2.4%)
                ","
                638,000
              "
179,MayTree,"#maytree, #acapella","15,000명(1.8%)
                ","
                852,000
              "
180,SOHN ASMR,"#mukbang, #asmr","14,700명(35.5%)
                ","
                41,400
              "
181,Funny Home,"#Funny, #Home","14,500명(21.1%)
                ","
                68,700
              "
182,부자아빠주식학교,"#주식투자, #재테크","14,000명(10.9%)
                ","
                128,000
              "
183,이오 IO,"#역사, #음식","14,000명(8.1%)
                ","
                172,000
              "
184,JUST B,"#저스트비, #JUST","14,000명(7.3%)
                ","
                192,000
              "
185,이지Leezy,"#이지, #piano","14,000명(2%)
                ","
                707,000
              "
186,planD플랜디,"#자취생브이로그, #집순이브이로그","14,000명(1.6%)
                ","
                860,000
              "
187,액션홍구,"#홍구, #가족","14,000명(1.5%)
                ","
                910,000
              "
188,코비 스튜디오,"#Minecraft, #Animation","13,600명(15.7%)
                ","
                86,600
              "
189,괴담실록 [조선·동아시아 야사·괴담],"#무서운이야기, #공포","13,000명(38.9%)
                ","
                33,400
              "
190,런던쌤,"#영어, #런던","13,000명(10.3%)
                ","
                126,000
              "
191,KBS 시사기획 창,,"13,000명(8.3%)
                ","
                156,000
              "
192,차차노트 ASMR,"#빈티지, #journal","13,000명(8.1%)
                ","
                161,000
              "
193,Jovelyn Park,"#Koreanfilipinorelationship, #Masbatevlogger","13,000명(7.9%)
                ","
                165,000
              "
194,치대남_치과의사 고광욱_Dentist,"#치대나온남자, #치대남","13,000명(7.3%)
                ","
                178,000
              "
195,오은영의 버킷리스트,,"13,000명(7%)
                ","
                186,000
              "
196,DDany Crafts 따니네 만들기,"#DIY, #만들기","13,000명(5.1%)
                ","
                257,000
              "
197,KIDS TOY LAND,"#토미카, #tomica","13,000명(4%)
                ","
                322,000
              "
198,시니어전성시대,"#시니어, #정보","13,000명(2.8%)
                ","
                464,000
              "
199,BODA 보다,"#REACT, #BODA","13,000명(2.7%)
                ","
                487,000
              "
200,GOIS,"#among, #Among","13,000명(2.4%)
                ","
                536,000
              "
201,ASMR Ouvir 오비르,"#asmr, #korean","13,000명(2%)
                ","
                666,000
              "
202,Hello Jadoo TV 안녕 자두야,"#Animation, #안녕자두야","13,000명(1.7%)
                ","
                778,000
              "
203,SK이노베이션 [SK innovation],"#SK이노베이션, #SK종합화학","12,700명(21.7%)
                ","
                58,400
              "
204,땅콩 Peanut,"#어몽어스, #어몽어스","12,601명(23.7%)
                ","
                53,200
              "
205,심리툰 Psych2Go Korea,"#심리, #자기계발","12,300명(32%)
                ","
                38,400
              "
206,윤석열입니다,"#윤석열, #윤석열입니다","12,300명(23.6%)
                ","
                52,100
              "
207,코삼부자 by 허웅 허훈 허재,"#허웅, #허훈","12,000명(8.6%)
                ","
                140,000
              "
208,재롱잔치,"#재롱이, #말티즈","12,000명(8.2%)
                ","
                146,000
              "
209,UNIVERSE_OFFICIAL,"#유니버스, #UNIVERSE","12,000명(6.3%)
                ","
                191,000
              "
210,범수의 세계,"#김범수, #보고싶다","12,000명(5.9%)
                ","
                203,000
              "
211,너 진짜 똑똑하다,"#북튜브, #책","12,000명(5.5%)
                ","
                218,000
              "
212,Joony art,"#painting, #아크릴화","12,000명(5.4%)
                ","
                222,000
              "
213,1분만,"#정보, #인스타","12,000명(3.8%)
                ","
                315,000
              "
214,발명! 쓰레기걸 Trash girl,"#발명쓰레기걸, #발명","12,000명(3.6%)
                ","
                334,000
              "
215,Netflix Korea 넷플릭스 코리아,"#넷플릭스, #netflix","12,000명(2.1%)
                ","
                572,000
              "
216,딩가의 회전목마 DINGA,"#딩가, #딩가의회전목마","12,000명(2.1%)
                ","
                584,000
              "
217,집밥요리 Home Cooking,"#간단요리, #집밥","12,000명(2%)
                ","
                611,000
              "
218,Magnet Art,"#magnet, #네오큐브","12,000명(1.9%)
                ","
                637,000
              "
219,리춘수 [이천수],"#이천수, #리춘수","11,800명(21.9%)
                ","
                53,800
              "
220,따뜻한 주방Warm Kitchen,"#도시락반찬, #집밥","11,000명(8.5%)
                ","
                130,000
              "
221,곽튜브KWAKTUBE,"#에티오피아, #에티오피아","11,000명(7.6%)
                ","
                145,000
              "
222,매부리TV,"#매일경제, #부동산","11,000명(7.2%)
                ","
                152,000
              "
223,휴먼스토리,"#휴먼스토리, #창업","11,000명(5.8%)
                ","
                189,000
              "
224,루키밍 ROOKIE SLIME,"#slime, #슬라임","11,000명(4.7%)
                ","
                235,000
              "
225,쥬네일JOUNAIL,"#asmr, #셀프네일","11,000명(3.9%)
                ","
                285,000
              "
226,DATA LIVE,"#chart, #조회수","11,000명(3.5%)
                ","
                315,000
              "
227,자이TV Made in Xi,"#자이, #GS건설","11,000명(3%)
                ","
                369,000
              "
228,코미꼬,"#코미꼬, #김병선","11,000명(2.7%)
                ","
                413,000
              "
229,재민TV,"#재민tv, #팩토리","11,000명(2.3%)
                ","
                484,000
              "
230,주태백이TV,"#디스코팡팡, #놀이공원","11,000명(2.1%)
                ","
                513,000
              "
231,하알라,"#하알라, #가족시트콤","11,000명(2%)
                ","
                546,000
              "
232,나르앤나르시Nar.Couple,"#커플유튜브, #나르앤나르시","11,000명(2%)
                ","
                555,000
              "
233,랄랄ralral,"#비제이랄랄, #랄랄","11,000명(1.7%)
                ","
                658,000
              "
234,Bus and Train,"#장난감, #꼬마버스","11,000명(1.5%)
                ","
                718,000
              "
235,Aaron and Claire,"#recipe, #recipes","11,000명(1.5%)
                ","
                743,000
              "
236,사피엔스 스튜디오,"#교양, #교육","11,000명(1.4%)
                ","
                789,000
              "
237,MBN News,"#MBN, #NEWS","11,000명(1.4%)
                ","
                806,000
              "
238,하미마미 Hamimommy,"#hamimommy, #하미마미","11,000명(1.4%)
                ","
                813,000
              "
239,핏블리 FITVELY,"#다이어트, #식단","11,000명(1.3%)
                ","
                848,000
              "
240,준오브다샤,"#couple, #국제커플","11,000명(1.3%)
                ","
                869,000
              "
241,알콩서준달콩하린,"#알콩서준, #장난감","11,000명(1.1%)
                ","
                1,000,000
              "
242,한국 완두콩,"#funny, #animation","10,900명(49.3%)
                ","
                22,100
              "
243,YE WON예원,"#제로투댄스, #04년생","10,900명(18.7%)
                ","
                58,300
              "
244,몽라의예쁜옷만들기 - DIY designer,"#패턴없이옷만들기, #몽라의옷만들기","10,700명(11.2%)
                ","
                95,500
              "
245,실패자,"#실패자, #리그오브레전드","10,600명(24.5%)
                ","
                43,300
              "
246,CukiNCrim,"#Minecraft, #Noteblock","10,520명(74.1%)
                ","
                14,200
              "
247,DS Gameplay,"#Gameplay, #Going","10,200명(16.7%)
                ","
                61,000
              "
248,고성균의 장군! 멍군!,,"10,000명(66.2%)
                ","
                15,100
              "
249,GoGo Slime,"#Slime, #ASMR","10,000명(33.1%)
                ","
                30,200
              "
250,SandLand 샌드랜드,"#sand, #ASMR","10,000명(6.9%)
                ","
                144,000
              "
251,DalDalYoungsimi 달달영심이,"#Mukbang, #달달영심이","10,000명(6.5%)
                ","
                153,000
              "
252,Little Hero Super Z - Official Channel,"#Little, #Hero","10,000명(5.9%)
                ","
                170,000
              "
253,안정환 19,"#안정환, #월드컵","10,000명(5.7%)
                ","
                176,000
              "
254,힐링앤뮤직 Healing and Music,"#스트레스해소음악, #힐링음악","10,000명(5.6%)
                ","
                179,000
              "
255,Mmmmonexx,"#art, #스케치","10,000명(5.4%)
                ","
                184,000
              "
256,김지윤의 지식Play,"#역사, #국제정치","10,000명(5.3%)
                ","
                188,000
              "
257,EPEX,"#위시, #금동현","10,000명(4.5%)
                ","
                220,000
              "
258,뜨랑낄로 Trankilo,"#세계여행, #배낭여행","10,000명(3.6%)
                ","
                275,000
              "
259,따듯한 목소리 현준,"#책읽어주는남자, #오디오북","10,000명(2.8%)
                ","
                353,000
              "
260,PAKA,"#파카, #paka","10,000명(2.8%)
                ","
                359,000
              "
261,KBS 골든케이팝,"#트로트, #음악","10,000명(2.4%)
                ","
                418,000
              "
262,이과장,"#좋좋소, #이과장","10,000명(2.2%)
                ","
                459,000
              "
263,King Food 킹푸드,"#길거리음식, #korean","10,000명(1.9%)
                ","
                518,000
              "
264,deemd,"#스터디윗미, #living","10,000명(1.8%)
                ","
                544,000
              "
265,김나영의 nofilterTV,"#김나영, #노필터티비","10,000명(1.8%)
                ","
                557,000
              "
266,김용호연예부장,"#연예뉴스, #시사이슈","10,000명(1.6%)
                ","
                610,000
              "
267,주부나라,#다이어트요리,"10,000명(1.6%)
                ","
                623,000
              "
268,1분미만,"#1분미만, #운전","10,000명(1.3%)
                ","
                755,000
              "
269,Delight 딜라이트,"#delight, #딜라이트","10,000명(1.2%)
                ","
                809,000
              "
270,우와한 비디오,"#SBS, #omg","10,000명(1.1%)
                ","
                937,000
              "
271,BamBam,"#뱀뱀, #BamBam","10,000명(1%)
                ","
                1,010,000
              "
272,브레드이발소,"#브레드이발소, #디저트","10,000명(1%)
                ","
                1,010,000
              "
273,뻑가 PPKKa,"#이근, #가짜사나이","10,000명(1%)
                ","
                1,020,000
              "
274,정브르,"#정브르, #개미키우기","10,000명(1%)
                ","
                1,020,000
              "
275,비디오머그 - VIDEOMUG,"#비디오머그, #vmg","10,000명(1%)
                ","
                1,020,000
              "
276,Rock Music,"#dance, #kpop","10,000명(1%)
                ","
                1,030,000
              "
277,해피토이(HappyToy),"#신비아파트, #장난감놀이","10,000명(1%)
                ","
                1,040,000
              "
278,MORE THAN YOUTH,"#몰댄유스, #몰댄유스스튜디오","10,000명(1%)
                ","
                1,040,000
              "
279,밍꼬발랄Mingggo,"#밍꼬발랄, #밍꼬","10,000명(0.9%)
                ","
                1,060,000
              "
280,효기심,"#호기심, #효기심","10,000명(0.9%)
                ","
                1,070,000
              "
281,키글TV - 키즈 앱・장난감,"#키글TV, #키글","10,000명(0.9%)
                ","
                1,070,000
              "
282,잼스터,"#연애, #남친","10,000명(0.9%)
                ","
                1,080,000
              "
283,우리의식탁 W TABLE,"#koreanfood, #recipe","10,000명(0.9%)
                ","
                1,080,000
              "
284,TBS 시민의방송,"#TBS, #김어준","10,000명(0.9%)
                ","
                1,090,000
              "
285,조승연의 탐구생활,"#조승연, #조승연작가","10,000명(0.9%)
                ","
                1,090,000
              "
286,오킹TV,"#오킹, #트위치","10,000명(0.9%)
                ","
                1,100,000
              "
287,먹어볼래TryToEat,"#요리, #cooking","10,000명(0.9%)
                ","
                1,100,000
              "
288,Korean Dost,"#Korean, #India","10,000명(0.9%)
                ","
                1,110,000
              "
289,Sunny Funny Fitness,"#dance, #줌바","10,000명(0.9%)
                ","
                1,110,000
              "
290,sNack!,"#SBS, #runningman","10,000명(0.9%)
                ","
                1,130,000
              "
291,Lime Doodles,"#LimeTube, #라임튜브","10,000명(0.9%)
                ","
                1,130,000
              "
292,진우와 해티,"#국제커플, #국제연애","10,000명(0.9%)
                ","
                1,140,000
              "
293,코레아니시마 엘레나,"#coreia, #coreana","10,000명(0.9%)
                ","
                1,140,000
              "
294,SBS World,"#Kpop, #kdrama","10,000명(0.9%)
                ","
                1,140,000
              "
295,시리TV Shili,"#ASMR, #귀청소","10,000명(0.9%)
                ","
                1,150,000
              "
296,TJ KARAOKE TJ 노래방 공식 유튜브채널,"#karaoke, #tj","10,000명(0.9%)
                ","
                1,150,000
              "
297,SECRET NUMBER,"#시크릿넘버, #걸그룹","10,000명(0.9%)
                ","
                1,150,000
              "
298,마샤와 곰,"#만화, #애니메이션","10,000명(0.9%)
                ","
                1,150,000
              "
299,토비아트 - TobiART,"#art, #paint","10,000명(0.9%)
                ","
                1,160,000
              "
300,seemile 씨마일,"#hangul, #한글","10,000명(0.9%)
                ","
                1,160,000
              "
